City_ID,City,Country,Date,Lat,Lng,Max Temp,Humidity,Cloudiness,Wind Speed
0,Dikson,RU,2022-04-22 20:51:37,73.5069,80.5464,-8.09,100,100,6.44
1,Bandarbeyla,SO,2022-04-22 20:51:38,9.4942,50.8122,82.11,79,25,8.39
2,Guilin,CN,2022-04-22 20:47:59,25.2819,110.2864,71.71,98,100,1.48
3,Albany,US,2022-04-22 20:48:05,42.6001,-73.9662,59.45,42,14,1.01
4,Husavik,IS,2022-04-22 20:51:38,66.0449,-17.3389,43.93,79,60,2.01
5,Ushuaia,AR,2022-04-22 20:51:39,-54.8,-68.3,49.66,46,40,13.8
6,Kahului,US,2022-04-22 20:51:39,20.8947,-156.47,77.97,84,75,12.66
7,Mataura,NZ,2022-04-22 20:51:40,-46.1927,168.8643,50.49,93,17,2.64
8,Mar Del Plata,AR,2022-04-22 20:51:40,-38.0023,-57.5575,55.87,87,75,18.41
9,Saint George,US,2022-04-22 20:51:40,37.1041,-113.5841,56.62,57,100,18.41
10,Biak,ID,2022-04-22 20:50:07,-0.9131,122.8766,77.22,82,100,2.75
11,Vilhena,BR,2022-04-22 20:51:41,-12.7406,-60.1458,82.62,65,40,9.22
12,Paraiso,CR,2022-04-22 20:51:41,9.8383,-83.8656,72.88,78,95,3.11
13,East London,ZA,2022-04-22 20:51:41,-33.0153,27.9116,64.96,88,98,12.33
14,Atuona,PF,2022-04-22 20:51:42,-9.8,-139.0333,79.05,75,51,14.16
15,Hermanus,ZA,2022-04-22 20:47:11,-34.4187,19.2345,57.79,65,59,11.01
16,Bredasdorp,ZA,2022-04-22 20:51:42,-34.5322,20.0403,60.66,51,100,8.16
17,Naryan-Mar,RU,2022-04-22 20:51:43,67.6713,53.087,-0.44,93,7,7.7
18,Amravati,IN,2022-04-22 20:51:43,20.9333,77.75,90.63,31,71,7.52
19,Nabire,ID,2022-04-22 20:51:43,-3.3667,135.4833,75.52,94,100,2.66
20,Rikitea,PF,2022-04-22 20:48:48,-23.1203,-134.9692,71.58,87,100,6.93
21,Sao Filipe,CV,2022-04-22 20:51:44,14.8961,-24.4956,74.66,74,0,5.37
22,Hamilton,US,2022-04-22 20:49:02,39.1834,-84.5333,79.02,39,0,11.5
23,New Castle,US,2022-04-22 20:51:06,41.0037,-80.347,66.88,29,0,0.0
24,Fairbanks,US,2022-04-22 20:47:36,64.8378,-147.7164,46.81,41,75,6.91
25,Cidreira,BR,2022-04-22 20:51:44,-30.1811,-50.2056,71.01,79,100,11.7
26,Ola,RU,2022-04-22 20:51:45,59.5833,151.2833,24.1,82,30,6.22
27,Bow Island,CA,2022-04-22 20:51:45,49.8668,-111.3684,52.48,46,100,4.61
28,Hobart,AU,2022-04-22 20:50:08,-42.8794,147.3294,46.26,86,20,8.05
29,Tuatapere,NZ,2022-04-22 20:51:46,-46.1333,167.6833,47.95,84,19,5.03
30,Taoudenni,ML,2022-04-22 20:51:46,22.6783,-3.9836,83.71,8,64,10.02
31,Totness,SR,2022-04-22 20:51:46,5.8833,-56.3167,78.03,82,81,6.71
32,Vaasa,FI,2022-04-22 20:51:47,63.096,21.6158,40.28,70,0,6.91
33,Sao Joao De Pirabas,BR,2022-04-22 20:51:47,-0.7747,-47.1772,76.93,90,99,3.94
34,Pevek,RU,2022-04-22 20:50:00,69.7008,170.3133,7.3,95,82,6.26
35,Stutterheim,ZA,2022-04-22 20:51:47,-32.5708,27.424,55.42,96,99,3.96
36,Busselton,AU,2022-04-22 20:51:48,-33.65,115.3333,56.88,74,0,12.77
37,Egvekinot,RU,2022-04-22 20:51:48,66.3167,-179.1667,19.87,90,100,0.83
38,London,GB,2022-04-22 20:48:06,51.5085,-0.1257,55.51,68,99,11.5
39,Tuktoyaktuk,CA,2022-04-22 20:51:49,69.4541,-133.0374,10.4,72,0,14.97
40,Bambous Virieux,MU,2022-04-22 20:51:49,-20.3428,57.7575,77.25,65,75,18.41
41,Thompson,CA,2022-04-22 20:51:49,55.7435,-97.8558,42.96,26,20,6.91
42,Yumen,CN,2022-04-22 20:50:04,40.2833,97.2,50.97,14,100,1.68
43,Nikolskoye,RU,2022-04-22 20:51:50,59.7035,30.7861,45.72,77,84,3.87
44,Ostrovnoy,RU,2022-04-22 20:51:50,68.0531,39.5131,29.61,90,100,12.57
45,Provideniya,RU,2022-04-22 20:52:51,64.3833,-173.3,31.89,66,23,1.57
46,Acapulco,MX,2022-04-22 20:49:53,16.8634,-99.8901,87.19,53,2,10.71
47,Viesca,MX,2022-04-22 20:52:51,25.35,-102.8,97.21,14,3,9.55
48,Hofn,IS,2022-04-22 20:52:51,64.2539,-15.2082,44.98,85,10,2.82
49,Puerto Ayora,EC,2022-04-22 20:52:52,-0.7393,-90.3518,78.76,82,49,9.31
50,Asfi,MA,2022-04-22 20:52:52,32.2994,-9.2372,61.48,80,32,21.85
51,Hilo,US,2022-04-22 20:52:52,19.7297,-155.09,82.27,84,100,5.75
52,Vaini,TO,2022-04-22 20:52:53,-21.2,-175.2,78.96,78,20,3.44
53,Tasiilaq,GL,2022-04-22 20:52:53,65.6145,-37.6368,35.76,93,100,5.26
54,Clacton-On-Sea,GB,2022-04-22 20:52:53,51.7897,1.156,50.34,84,99,8.01
55,Araouane,ML,2022-04-22 20:52:54,18.9048,-3.5265,82.26,7,99,10.67
56,Aksarka,RU,2022-04-22 20:52:54,66.5606,67.7975,-3.03,97,100,3.4
57,Movila Miresei,RO,2022-04-22 20:52:54,45.2167,27.6,53.26,72,67,12.3
58,Trairi,BR,2022-04-22 20:52:16,-3.2778,-39.2689,77.92,85,52,6.53
59,Punta Arenas,CL,2022-04-22 20:52:55,-53.15,-70.9167,48.31,66,75,8.05
60,Georgetown,MY,2022-04-22 20:52:45,5.4112,100.3354,82.33,93,20,2.3
61,Panguipulli,CL,2022-04-22 20:48:11,-39.6333,-72.3333,51.93,99,100,4.47
62,Preston,GB,2022-04-22 20:52:56,53.7667,-2.7167,51.85,72,5,1.99
63,Severo-Kurilsk,RU,2022-04-22 20:52:56,50.6789,156.125,39.16,97,100,6.73
64,Katsuura,JP,2022-04-22 20:52:56,35.1333,140.3,63.68,86,84,10.69
65,Burriana,ES,2022-04-22 20:52:57,39.889,-0.085,60.69,72,98,2.51
66,Yellowknife,CA,2022-04-22 20:52:00,62.456,-114.3525,43.32,28,75,0.0
67,Ketchikan,US,2022-04-22 20:52:57,55.3422,-131.6461,50.47,66,20,16.11
68,Bluff,NZ,2022-04-22 20:50:19,-46.6,168.3333,50.81,78,93,26.44
69,Cape Town,ZA,2022-04-22 20:50:29,-33.9258,18.4232,60.12,71,20,16.11
70,Garden City,US,2022-04-22 20:52:58,42.3256,-83.331,54.16,58,100,6.91
71,Touros,BR,2022-04-22 20:52:58,-5.1989,-35.4608,80.15,78,95,11.97
72,Yining,CN,2022-04-22 20:52:58,29.0361,114.5636,66.13,98,100,1.45
73,Saint-Francois,FR,2022-04-22 20:52:59,46.4154,3.9054,55.67,67,0,5.75
74,Coihaique,CL,2022-04-22 20:52:59,-45.5752,-72.0662,47.01,87,75,6.91
75,Kapaa,US,2022-04-22 20:52:59,22.0752,-159.319,78.78,83,75,12.66
76,Butaritari,KI,2022-04-22 20:53:00,3.0707,172.7902,81.95,75,20,19.84
77,Namatanai,PG,2022-04-22 20:50:08,-3.6667,152.4333,80.83,80,97,5.99
78,Andenes,NO,2022-04-22 20:53:00,69.3143,16.1194,37.38,87,75,6.91
79,Barrow,US,2022-04-22 20:53:00,71.2906,-156.7887,1.42,78,0,6.91
80,Chokurdakh,RU,2022-04-22 20:53:01,70.6333,147.9167,5.05,96,100,6.04
81,Bourail,NC,2022-04-22 20:53:01,-21.5667,165.4833,73.49,77,82,6.44
82,Dudinka,RU,2022-04-22 20:53:01,69.4058,86.1778,4.62,100,95,5.57
83,Smoky Lake,CA,2022-04-22 20:53:02,54.1169,-112.4686,47.12,57,100,8.05
84,Oksfjord,NO,2022-04-22 20:53:02,70.2396,22.3479,37.47,93,100,6.67
85,Rocha,UY,2022-04-22 20:53:03,-34.4833,-54.3333,56.03,94,100,8.72
86,Bardiyah,LY,2022-04-22 20:53:03,31.7561,25.0865,62.53,77,0,12.24
87,Santa Maria Da Boa Vista,BR,2022-04-22 20:53:03,-8.8078,-39.8256,85.84,42,69,12.8
88,Qaanaaq,GL,2022-04-22 20:53:04,77.484,-69.3632,6.37,85,100,4.52
89,Labuhan,ID,2022-04-22 20:53:04,-6.8844,112.2051,78.3,89,85,5.46
90,Port Elizabeth,ZA,2022-04-22 20:54:05,-33.918,25.5701,61.09,85,0,13.0
91,Lebu,CL,2022-04-22 20:54:05,-37.6167,-73.65,56.93,86,72,7.58
92,Cabo San Lucas,MX,2022-04-22 20:49:10,22.8909,-109.9124,78.06,54,7,13.15
93,Bonthe,SL,2022-04-22 20:54:05,7.5264,-12.505,80.74,81,100,6.78
94,Saint-Philippe,RE,2022-04-22 20:54:06,-21.3585,55.7679,76.59,83,80,18.54
95,New Norfolk,AU,2022-04-22 20:54:06,-42.7826,147.0587,45.9,83,11,3.13
96,Verkhoyansk,RU,2022-04-22 20:54:07,67.5447,133.385,14.16,95,98,3.58
97,Matara,LK,2022-04-22 20:54:07,5.9485,80.5353,78.42,84,99,3.42
98,Kamskiye Polyany,RU,2022-04-22 20:54:07,55.4307,51.4171,36.41,74,10,6.46
99,Tulun,RU,2022-04-22 20:54:08,54.5611,100.5792,31.5,78,100,21.65
100,Qaqortoq,GL,2022-04-22 20:54:09,60.7167,-46.0333,36.55,85,100,4.05
101,Lanxi,CN,2022-04-22 20:54:09,29.2195,119.477,66.34,98,100,2.37
102,Taltal,CL,2022-04-22 20:54:10,-25.4,-70.4833,65.59,79,26,5.28
103,Ulety,RU,2022-04-22 20:54:10,51.3572,112.4849,30.52,95,100,4.12
104,Yar-Sale,RU,2022-04-22 20:54:10,66.8333,70.8333,-2.96,98,72,8.32
105,Vila,PT,2022-04-22 20:54:11,42.0304,-8.1588,38.28,92,100,2.73
106,Fez,MA,2022-04-22 20:51:55,34.0372,-4.9998,59.25,67,75,12.66
107,Haines Junction,CA,2022-04-22 20:54:11,60.7522,-137.5108,42.75,36,96,4.61
108,Zeya,RU,2022-04-22 20:54:11,53.75,127.2667,31.71,70,100,4.29
109,Katrineholm,SE,2022-04-22 20:54:12,58.9959,16.2072,46.29,75,3,7.72
110,Eyl,SO,2022-04-22 20:54:12,7.9803,49.8164,82.09,76,58,8.19
111,Avarua,CK,2022-04-22 20:54:12,-21.2078,-159.775,80.65,69,75,18.41
112,Kodiak,US,2022-04-22 20:54:13,57.79,-152.4072,42.31,87,100,9.22
113,Hualmay,PE,2022-04-22 20:54:13,-11.0964,-77.6139,69.71,82,78,8.63
114,Airai,TL,2022-04-22 20:54:14,-8.9266,125.4092,58.44,78,58,2.75
115,Geraldton,AU,2022-04-22 20:54:14,-28.7667,114.6,66.61,45,0,20.71
116,Klyuchi,RU,2022-04-22 20:54:14,52.2667,79.1667,30.78,55,2,3.85
117,Hithadhoo,MV,2022-04-22 20:54:15,-0.6,73.0833,84.67,71,100,12.35
118,Aykhal,RU,2022-04-22 20:54:15,66.0,111.5,3.42,100,100,5.17
119,Sitka,US,2022-04-22 20:50:20,57.0531,-135.33,53.49,32,75,17.27
120,Leningradskiy,RU,2022-04-22 20:54:16,69.3833,178.4167,17.29,89,37,3.58
121,Coos Bay,US,2022-04-22 20:54:13,43.3665,-124.2179,61.99,79,0,8.05
122,Port Lincoln,AU,2022-04-22 20:54:16,-34.7333,135.8667,59.59,67,100,13.4
123,Maracacume,BR,2022-04-22 20:54:17,-2.0428,-45.9592,75.0,94,100,4.56
124,Castro,BR,2022-04-22 20:54:17,-24.7911,-50.0119,62.02,92,7,5.66
125,Esperance,AU,2022-04-22 20:54:17,-33.8667,121.9,55.24,85,3,7.63
126,Pangnirtung,CA,2022-04-22 20:54:18,66.1451,-65.7125,10.4,79,20,3.44
127,Hasaki,JP,2022-04-22 20:54:18,35.7333,140.8333,61.29,87,100,7.2
128,Isangel,VU,2022-04-22 20:54:19,-19.55,169.2667,78.96,67,100,10.47
129,Parati,BR,2022-04-22 20:52:09,-23.2178,-44.7131,73.54,85,1,3.58
130,Poli,TZ,2022-04-22 20:54:19,-3.3333,36.8,66.47,91,100,3.98
131,Juan Lacaze,UY,2022-04-22 20:54:20,-34.4342,-57.4381,59.07,57,86,16.08
132,Kottagudem,IN,2022-04-22 20:54:20,17.55,80.6333,83.41,65,3,6.76
133,Bay-Khaak,RU,2022-04-22 20:54:20,51.1667,94.5,28.81,92,99,0.81
134,Barabinsk,RU,2022-04-22 20:54:21,55.3571,78.357,27.52,59,6,7.18
135,Praia Da Vitoria,PT,2022-04-22 20:55:21,38.7333,-27.0667,59.25,72,75,11.59
136,Asau,RO,2022-04-22 20:55:22,46.4333,26.4,51.28,97,83,3.53
137,Hami,CN,2022-04-22 20:50:32,42.8,93.45,63.59,18,100,9.62
138,Sao Joao Da Barra,BR,2022-04-22 20:55:22,-21.6403,-41.0511,82.49,82,0,10.25
139,Ulladulla,AU,2022-04-22 20:55:22,-35.35,150.4667,58.1,89,90,4.16
140,Luganville,VU,2022-04-22 20:55:23,-15.5333,167.1667,79.48,88,97,8.99
141,Beloha,MG,2022-04-22 20:55:23,-25.1667,45.05,75.04,74,96,10.96
142,Klaksvik,FO,2022-04-22 20:55:24,62.2266,-6.589,43.72,82,82,19.82
143,Arraial Do Cabo,BR,2022-04-22 20:55:24,-22.9661,-42.0278,78.76,88,0,6.91
144,Ambulu,ID,2022-04-22 20:55:24,-8.345,113.6058,76.33,91,100,2.24
145,Lorengau,PG,2022-04-22 20:55:25,-2.0226,147.2712,82.51,76,77,5.68
146,Jamestown,US,2022-04-22 20:53:03,42.097,-79.2353,60.53,39,0,8.05
147,Alofi,NU,2022-04-22 20:55:25,-19.0595,-169.9187,82.29,83,40,5.75
148,Santiago Del Estero,AR,2022-04-22 20:55:25,-27.7951,-64.2615,63.23,76,100,17.4
149,Mehamn,NO,2022-04-22 20:55:26,71.0357,27.8492,37.31,83,96,13.94
150,Kavaratti,IN,2022-04-22 20:55:26,10.5669,72.642,84.15,72,98,4.32
151,Tura,IN,2022-04-22 20:51:23,25.5198,90.2201,69.87,96,4,6.73
152,Port Alfred,ZA,2022-04-22 20:55:27,-33.5906,26.891,60.19,94,100,3.0
153,Souillac,MU,2022-04-22 20:55:27,-20.5167,57.5167,77.38,65,75,18.41
154,Ierapetra,GR,2022-04-22 20:55:27,35.01,25.7353,60.15,74,0,1.99
155,Mount Isa,AU,2022-04-22 20:55:28,-20.7333,139.5,69.57,78,100,12.66
156,Gigmoto,PH,2022-04-22 20:55:28,13.7796,124.39,78.93,87,28,8.23
157,Faya,SA,2022-04-22 20:55:28,18.3851,42.4509,64.51,45,96,5.48
158,Kamenka,RU,2022-04-22 20:55:29,51.3223,42.7678,45.12,91,92,4.21
159,Norman Wells,CA,2022-04-22 20:55:29,65.282,-126.8329,28.44,43,0,14.97
160,Mahebourg,MU,2022-04-22 20:55:29,-20.4081,57.7,77.29,65,75,18.41
161,Joshimath,IN,2022-04-22 20:55:30,30.5667,79.5667,51.42,66,16,7.61
162,Kirakira,SB,2022-04-22 20:55:30,-10.4544,161.9205,82.2,80,99,4.94
163,Te Anau,NZ,2022-04-22 20:55:30,-45.4167,167.7167,47.53,82,73,4.36
164,Dauphin,CA,2022-04-22 20:55:31,51.1494,-100.0502,33.94,98,100,11.5
165,San Patricio,US,2022-04-22 20:55:31,28.017,-97.5169,87.17,57,3,22.01
166,Baykit,RU,2022-04-22 20:55:31,61.67,96.37,25.2,94,99,4.99
167,Saint Anthony,US,2022-04-22 20:55:32,45.0205,-93.218,51.93,84,100,21.85
168,Tres Arroyos,AR,2022-04-22 20:55:32,-38.3739,-60.2798,55.24,53,64,13.6
169,Barmer,IN,2022-04-22 20:55:32,25.75,71.3833,79.81,34,13,10.8
170,Longyearbyen,SJ,2022-04-22 20:55:33,78.2186,15.6401,21.04,79,75,8.05
171,Dwarka,IN,2022-04-22 20:55:33,22.2394,68.9678,80.1,78,0,12.28
172,Taperoa,BR,2022-04-22 20:55:33,-7.2075,-36.8267,78.96,62,59,14.03
173,Hailar,CN,2022-04-22 20:55:34,49.2,119.7,35.96,68,100,13.27
174,Mana,GF,2022-04-22 20:55:34,5.6592,-53.7767,74.8,94,100,5.12
175,Salym,RU,2022-04-22 20:55:35,60.0625,71.4789,10.94,95,77,6.17
176,Grand Gaube,MU,2022-04-22 20:55:35,-20.0064,57.6608,77.4,73,87,7.0
177,Nome,US,2022-04-22 20:55:35,64.5011,-165.4064,40.15,59,8,4.76
178,Kaitangata,NZ,2022-04-22 20:55:36,-46.2817,169.8464,47.95,76,83,8.57
179,Maragogi,BR,2022-04-22 20:56:36,-9.0122,-35.2225,79.12,82,10,6.55
180,Ponta Do Sol,PT,2022-04-22 20:56:36,32.6667,-17.1,63.23,66,90,15.17
181,Baiyin,CN,2022-04-22 20:56:37,36.5583,104.2081,53.55,41,71,0.81
182,Ayan,RU,2022-04-22 20:56:37,56.45,138.1667,26.76,87,100,2.84
183,Nuqui,CO,2022-04-22 20:56:37,5.7125,-77.2708,81.54,71,87,6.78
184,Havre-Saint-Pierre,CA,2022-04-22 20:56:38,50.2334,-63.5986,39.56,87,100,14.97
185,Katherine,AU,2022-04-22 20:56:38,-14.4667,132.2667,68.32,56,15,5.75
186,Dalianwan,CN,2022-04-22 20:56:39,39.0286,121.695,46.44,57,0,2.24
187,Kamaishi,JP,2022-04-22 20:56:39,39.2667,141.8833,53.04,79,100,7.23
188,Korla,CN,2022-04-22 20:54:47,41.7597,86.1469,63.7,22,24,4.72
189,Camocim,BR,2022-04-22 20:56:39,-2.9022,-40.8411,78.4,89,100,9.69
190,Vostok,RU,2022-04-22 20:56:40,46.4856,135.8833,31.68,99,100,3.78
191,Chuy,UY,2022-04-22 20:56:40,-33.6971,-53.4616,55.31,96,100,8.86
192,Atbasar,KZ,2022-04-22 20:56:40,51.8,68.3333,35.47,49,1,6.6
193,Olafsvik,IS,2022-04-22 20:56:41,64.8945,-23.7142,45.77,85,92,8.39
194,Kichera,RU,2022-04-22 20:56:41,55.9375,110.0997,14.74,68,66,7.31
195,Nishihara,JP,2022-04-22 20:56:41,26.1842,127.7558,74.68,94,75,11.5
196,Vardo,NO,2022-04-22 20:56:42,70.3705,31.1107,37.18,91,95,11.52
197,Drayton Valley,CA,2022-04-22 20:56:42,53.2168,-114.9854,45.32,56,100,2.91
198,Necochea,AR,2022-04-22 20:56:42,-38.5473,-58.7368,56.08,74,100,22.46
199,Comodoro Rivadavia,AR,2022-04-22 20:56:43,-45.8667,-67.5,55.26,44,0,10.36
200,Awjilah,LY,2022-04-22 20:55:41,29.1081,21.2869,80.19,9,91,13.71
201,Dingle,PH,2022-04-22 20:55:21,10.9995,122.6711,76.05,92,26,7.02
202,Calama,CL,2022-04-22 20:56:43,-22.4667,-68.9333,70.29,14,0,21.85
203,Marondera,ZW,2022-04-22 20:56:44,-18.1853,31.5519,56.01,98,59,2.75
204,Joacaba,BR,2022-04-22 20:52:58,-27.1781,-51.5047,60.67,99,100,3.2
205,Khilok,RU,2022-04-22 20:56:44,51.3674,110.4676,30.85,91,100,2.42
206,Ilulissat,GL,2022-04-22 20:56:44,69.2167,-51.1,21.58,90,100,3.29
207,Staryy Nadym,RU,2022-04-22 20:56:45,65.6118,72.6842,-0.38,99,88,9.44
208,Lata,PT,2022-04-22 20:56:45,40.1629,-8.3327,50.81,97,100,4.56
209,Sicuani,PE,2022-04-22 20:56:45,-14.2694,-71.2261,63.55,32,97,8.3
210,Cabedelo,BR,2022-04-22 20:56:46,-6.9811,-34.8339,83.07,82,98,10.36
211,Darhan,MN,2022-04-22 20:56:46,49.4867,105.9228,38.41,57,94,5.12
212,Praia,CV,2022-04-22 20:52:32,14.9215,-23.5087,73.94,64,20,23.02
213,Marienburg,PL,2022-04-22 20:56:47,54.0359,19.0266,47.12,85,16,6.64
214,Saldanha,ZA,2022-04-22 20:56:47,-33.0117,17.9442,57.25,72,0,24.27
215,Meulaboh,ID,2022-04-22 20:56:47,4.1363,96.1285,77.56,90,76,3.47
216,Maniitsoq,GL,2022-04-22 20:53:45,65.4167,-52.9,31.19,91,100,4.76
217,Cave,IT,2022-04-22 20:56:48,41.8167,12.9338,55.02,88,100,3.0
218,Turan,VN,2022-04-22 20:56:48,16.0678,108.2208,76.98,88,20,2.3
219,Carnarvon,AU,2022-04-22 20:56:49,-24.8667,113.6333,64.47,82,0,10.36
220,Yulara,AU,2022-04-22 20:56:37,-25.2406,130.9889,60.64,51,100,10.36
221,Rio Grande,BR,2022-04-22 20:56:49,-32.035,-52.0986,78.91,80,100,2.08
222,Ayagoz,KZ,2022-04-22 20:56:49,47.9714,80.4392,42.51,57,100,9.35
223,Port-Cartier,CA,2022-04-22 20:56:50,50.0334,-66.8654,48.42,73,99,16.42
224,Aklavik,CA,2022-04-22 20:56:50,68.2191,-135.0107,22.84,85,100,18.34
225,Ribeira Grande,PT,2022-04-22 20:57:50,38.5167,-28.7,57.6,67,40,10.36
226,Constitucion,CL,2022-04-22 20:57:51,-35.3333,-72.4167,57.65,91,96,1.43
227,Upernavik,GL,2022-04-22 20:54:58,72.7868,-56.1549,11.53,87,100,2.64
228,Grand Junction,US,2022-04-22 20:57:17,39.0639,-108.5507,47.34,73,92,17.0
229,Torbay,CA,2022-04-22 20:57:51,47.6666,-52.7314,45.37,45,100,11.5
230,Belyy Yar,RU,2022-04-22 20:57:52,53.6039,91.3903,27.86,55,0,8.95
231,Port Blair,IN,2022-04-22 20:57:52,11.6667,92.75,80.64,89,20,2.3
232,Sao Gabriel Da Cachoeira,BR,2022-04-22 20:53:17,-0.1303,-67.0892,80.46,91,92,1.39
233,Verkhnevilyuysk,RU,2022-04-22 20:57:52,63.4453,120.3167,15.21,97,98,2.75
234,Clyde River,CA,2022-04-22 20:57:53,70.4692,-68.5914,5.23,78,0,5.75
235,Jinxiang,CN,2022-04-22 20:57:53,27.4327,120.6062,66.49,96,99,2.84
236,Umm Lajj,SA,2022-04-22 20:57:53,25.0213,37.2685,82.54,47,42,3.29
237,Elizabeth City,US,2022-04-22 20:57:54,36.2946,-76.2511,77.04,63,66,7.87
238,Novoselitskoye,RU,2022-04-22 20:57:54,44.7508,43.4369,45.79,76,82,4.97
239,Yangliuqing,CN,2022-04-22 20:57:54,39.1375,116.9997,49.95,48,0,6.96
240,Konispol,AL,2022-04-22 20:57:55,39.6589,20.1814,56.35,90,68,8.72
241,Kosikha,RU,2022-04-22 20:57:55,53.3617,84.5822,29.35,54,100,4.74
242,Gondanglegi,ID,2022-04-22 20:57:55,-7.7479,112.0132,74.88,92,73,1.41
243,Iqaluit,CA,2022-04-22 20:57:56,63.7506,-68.5145,13.73,61,75,6.91
244,Kimbe,PG,2022-04-22 20:57:56,-5.5502,150.1429,76.35,90,100,3.0
245,Pisco,PE,2022-04-22 20:55:28,-13.7,-76.2167,68.05,83,0,21.85
246,Kijang,KR,2022-04-22 20:57:57,35.2442,129.2139,55.13,80,98,3.33
247,Luderitz,NA,2022-04-22 20:57:57,-26.6481,15.1594,61.84,72,0,17.52
248,Kaeo,NZ,2022-04-22 20:57:57,-35.1,173.7833,60.33,80,45,9.24
249,Sanwer,IN,2022-04-22 20:57:58,22.9833,75.8333,86.2,18,2,10.58
250,Henties Bay,NA,2022-04-22 20:57:58,-22.116,14.2845,62.46,85,2,5.77
251,Saskylakh,RU,2022-04-22 20:57:58,71.9167,114.0833,-4.5,100,98,4.56
252,La Ronge,CA,2022-04-22 20:57:59,55.1001,-105.2842,44.82,45,20,11.5
253,Kruisfontein,ZA,2022-04-22 20:53:48,-34.0033,24.7314,57.88,83,100,8.86
254,Samarai,PG,2022-04-22 20:57:36,-10.6167,150.6667,81.88,79,87,8.9
255,Ugoofaaru,MV,2022-04-22 20:55:56,5.6667,73.0,83.68,71,100,3.36
256,Half Moon Bay,US,2022-04-22 20:57:59,37.4636,-122.4286,64.53,68,0,11.5
257,Sao Felix Do Xingu,BR,2022-04-22 20:58:00,-6.6447,-51.995,77.81,84,76,0.76
258,Bethel,US,2022-04-22 20:58:00,41.3712,-73.414,65.86,68,1,11.41
259,Lengshuitan,CN,2022-04-22 20:58:00,26.4111,111.5956,67.5,94,11,1.1
260,Cooma,AU,2022-04-22 20:56:07,-36.2333,149.1333,33.57,100,100,3.44
261,Lakatoro,VU,2022-04-22 20:58:01,-16.0999,167.4164,80.26,84,72,11.54
262,Tongliao,CN,2022-04-22 20:58:01,43.6125,122.2653,49.44,39,49,18.34
263,Linxia,CN,2022-04-22 20:58:01,35.6003,103.2064,50.36,61,16,3.06
264,Port-Gentil,GA,2022-04-22 20:58:02,-0.7193,8.7815,80.56,89,40,4.61
265,Lavrentiya,RU,2022-04-22 20:58:02,65.5833,-171.0,28.78,79,11,4.34
266,Paamiut,GL,2022-04-22 20:58:02,61.994,-49.6678,33.49,91,99,5.3
267,Siniscola,IT,2022-04-22 20:58:03,40.5719,9.6922,58.55,86,100,6.15
268,Faanui,PF,2022-04-22 20:58:03,-16.4833,-151.75,79.14,77,80,10.27
269,Fortuna,US,2022-04-22 20:58:04,40.5982,-124.1573,60.1,70,100,8.05
270,Havelock,US,2022-04-22 20:58:04,34.8791,-76.9013,74.95,64,81,7.0
271,Brufut,GM,2022-04-22 20:58:04,13.3814,-16.7518,77.09,61,68,10.36
272,Victoria,HK,2022-04-22 20:57:05,22.2855,114.1577,77.38,90,12,5.99
273,Brigantine,US,2022-04-22 20:59:05,39.4101,-74.3646,72.19,82,56,2.42
274,Batagay-Alyta,RU,2022-04-22 20:59:05,67.8006,130.4114,11.62,95,100,3.62
275,Namibe,AO,2022-04-22 20:59:05,-15.1961,12.1522,72.5,81,54,1.43
276,Bengkulu,ID,2022-04-22 20:59:06,-3.8004,102.2655,77.07,88,100,6.11
277,Nioro,GM,2022-04-22 20:59:06,13.35,-15.75,84.74,36,29,14.7
278,Mandalgovi,MN,2022-04-22 20:59:06,45.7625,106.2708,40.33,48,18,11.16
279,Kindu,CD,2022-04-22 20:59:07,-2.95,25.95,75.0,81,100,0.78
280,Stawell,AU,2022-04-22 20:59:07,-37.05,142.7667,44.82,92,0,9.51
281,Labelle,US,2022-04-22 20:59:07,26.7617,-81.4384,87.98,41,67,17.76
282,Thayetmyo,MM,2022-04-22 20:59:08,19.3167,95.1833,82.13,65,5,3.83
283,Cherskiy,RU,2022-04-22 20:59:08,68.75,161.3,20.39,93,99,6.89
284,Kangaatsiaq,GL,2022-04-22 20:59:08,68.3065,-53.4641,19.54,84,100,4.74
285,Broome,US,2022-04-22 20:59:09,42.2506,-75.833,58.01,43,7,5.01
286,Codrington,AU,2022-04-22 20:59:09,-38.2667,141.9667,45.91,89,6,6.06
287,Ancud,CL,2022-04-22 20:55:48,-41.8697,-73.8203,53.22,93,100,21.03
288,Lagoa,PT,2022-04-22 20:59:10,39.05,-27.9833,57.27,68,100,12.73
289,Sakakah,SA,2022-04-22 20:59:10,29.9697,40.2064,80.17,13,99,14.99
290,Cockburn Town,TC,2022-04-22 20:59:10,21.4612,-71.1419,78.76,65,40,17.27
291,Ghogha,IN,2022-04-22 20:59:11,21.6833,72.2833,87.73,38,0,9.82
292,Elat,IL,2022-04-22 20:59:11,29.5581,34.9482,80.44,26,20,9.22
293,Nambour,AU,2022-04-22 20:59:11,-26.6333,152.95,71.85,93,92,3.0
294,Taungdwingyi,MM,2022-04-22 20:59:12,20.0167,95.55,82.63,59,6,4.05
295,San Ignacio,BZ,2022-04-22 20:59:12,17.1561,-89.0714,86.14,62,40,16.11
296,Ranghulu,CN,2022-04-22 20:59:12,46.65,124.8667,46.71,27,75,12.12
297,Khatanga,RU,2022-04-22 20:59:13,71.9667,102.5,-7.42,100,79,6.38
298,Kabompo,ZM,2022-04-22 20:59:13,-13.5927,24.2008,61.29,94,59,4.32
299,Huarmey,PE,2022-04-22 20:57:31,-10.0681,-78.1522,71.01,79,37,10.29
300,Grindavik,IS,2022-04-22 20:59:14,63.8424,-22.4338,46.35,87,100,12.66
301,Buta,CD,2022-04-22 20:59:14,2.7858,24.73,71.33,94,21,0.47
302,Matagami,CA,2022-04-22 20:59:14,49.7502,-77.6328,33.91,32,0,13.8
303,Ylivieska,FI,2022-04-22 20:59:15,64.0833,24.55,35.31,92,74,4.81
304,Carinhanha,BR,2022-04-22 20:59:15,-14.3047,-43.765,83.14,44,79,5.1
305,Chandler,US,2022-04-22 20:58:47,33.3062,-111.8412,80.65,23,20,23.02
306,Lalmohan,BD,2022-04-22 20:59:15,22.3384,90.7419,81.3,82,11,12.5
307,Olinda,BR,2022-04-22 20:59:16,-8.0089,-34.8553,83.93,70,40,9.22
308,Mizdah,LY,2022-04-22 20:59:16,31.4451,12.9801,63.18,24,0,6.29
309,Kidal,ML,2022-04-22 20:59:16,18.4411,1.4078,88.25,12,6,10.67
310,Coruripe,BR,2022-04-22 20:59:17,-10.1256,-36.1756,78.87,80,5,6.78
311,Phalodi,IN,2022-04-22 20:59:17,27.1333,72.3667,79.23,20,0,4.03
312,Gashua,NG,2022-04-22 20:59:17,12.871,11.0482,92.19,11,99,7.25
313,Lubao,PH,2022-04-22 20:59:18,14.9167,120.55,82.11,83,5,4.79
314,Tubuala,PA,2022-04-22 20:59:18,9.5167,-79.0333,81.88,69,99,3.47
315,Buenos Aires,AR,2022-04-22 20:57:15,-34.6132,-58.3772,62.01,69,0,8.05
316,Stamford,US,2022-04-22 20:55:48,41.0534,-73.5387,70.32,28,0,14.97
317,Karratha,AU,2022-04-22 20:59:19,-20.7377,116.8463,79.48,30,15,11.16
318,Lompoc,US,2022-04-22 20:59:19,34.6391,-120.4579,68.56,68,75,21.0
319,San Ramon,US,2022-04-22 20:57:32,37.7799,-121.978,65.28,59,100,10.36
320,Tiksi,RU,2022-04-22 20:59:20,71.6872,128.8694,11.5,96,100,7.52
321,Todos Santos,MX,2022-04-22 21:00:20,23.45,-110.2167,76.68,47,0,8.84
322,Akola,IN,2022-04-22 21:00:20,20.7333,77.0,92.62,23,75,7.61
323,Pativilca,PE,2022-04-22 21:00:21,-10.7,-77.7833,69.08,82,44,9.24
324,Ust-Maya,RU,2022-04-22 21:00:22,60.4167,134.5333,20.75,93,99,1.16
325,Bonavista,CA,2022-04-22 21:00:22,48.6499,-53.1147,38.32,69,100,17.05
326,Serenje,ZM,2022-04-22 21:00:22,-13.2325,30.2352,59.76,98,47,4.41
327,Mogadishu,SO,2022-04-22 21:00:23,2.0371,45.3438,82.83,78,30,16.4
328,Ialibu,PG,2022-04-22 21:00:23,-6.2821,143.9935,57.2,97,100,1.41
329,Umm Kaddadah,SD,2022-04-22 21:00:24,13.6017,26.6876,83.98,11,3,8.32
330,Shaunavon,CA,2022-04-22 21:00:24,49.6501,-108.4181,46.29,57,100,9.13
331,Sigli,ID,2022-04-22 21:00:25,5.3848,95.9609,79.2,83,91,3.76
332,Znamenskoye,RU,2022-04-22 21:00:25,57.1281,73.8282,20.44,75,58,6.44
333,Lantawan,PH,2022-04-22 21:00:26,10.6167,123.9833,76.03,87,12,3.51
334,Chipurupalle,IN,2022-04-22 21:00:26,18.3,83.5667,78.89,83,3,5.5
335,Macapa,BR,2022-04-22 21:00:27,0.0389,-51.0664,74.01,93,100,6.04
336,Dapdap,PH,2022-04-22 21:00:27,12.062,125.4881,79.75,83,66,9.4
337,Tocache,PE,2022-04-22 21:00:28,-8.1842,-76.5125,86.52,58,74,1.05
338,Tarko-Sale,RU,2022-04-22 21:00:28,64.9225,77.785,1.94,97,99,11.68
339,Shimoda,JP,2022-04-22 21:00:28,34.6667,138.95,64.11,80,99,14.03
340,Fort Nelson,CA,2022-04-22 21:00:15,58.8053,-122.7002,38.08,88,100,1.63
341,Straumen,NO,2022-04-22 21:00:29,63.8709,11.2999,41.0,88,100,3.27
342,Kalmunai,LK,2022-04-22 21:00:29,7.4167,81.8167,78.17,85,70,5.44
343,Seoul,KR,2022-04-22 20:57:03,37.5683,126.9778,49.39,97,40,1.14
344,Baruun-Urt,MN,2022-04-22 21:00:30,46.6806,113.2792,41.07,70,96,11.05
345,Narsaq,GL,2022-04-22 20:55:34,60.9167,-46.05,38.61,82,100,4.09
346,Glenwood Springs,US,2022-04-22 21:00:30,39.5505,-107.3248,67.01,48,100,19.57
347,Nizhnevartovsk,RU,2022-04-22 21:00:26,60.9344,76.5531,14.02,92,75,7.0
348,Flinders,AU,2022-04-22 21:00:31,-34.5833,150.8552,60.19,93,81,4.0
349,Forio,IT,2022-04-22 21:00:31,40.7342,13.8646,57.49,91,19,4.0
350,Pundaguitan,PH,2022-04-22 21:00:32,6.3711,126.1689,79.41,84,100,15.7
351,Senador Guiomard,BR,2022-04-22 21:00:32,-10.1522,-67.7392,87.55,86,76,3.56
352,Marzuq,YE,2022-04-22 21:00:32,14.4,46.4667,69.98,49,8,5.23
353,Chapleau,CA,2022-04-22 21:00:33,47.8405,-83.4034,41.31,59,100,4.41
354,Alekseyevsk,RU,2022-04-22 21:00:33,57.8406,108.3492,21.9,97,7,2.84
355,Luanda,AO,2022-04-22 20:55:49,-8.8368,13.2343,78.8,89,0,6.91
356,Kavieng,PG,2022-04-22 21:00:34,-2.5744,150.7967,82.45,76,99,9.86
357,Nanakuli,US,2022-04-22 21:00:34,21.3906,-158.1547,80.04,68,77,8.12
358,Mabaruma,GY,2022-04-22 21:00:35,8.2,-59.7833,79.09,77,96,6.06
359,Garowe,SO,2022-04-22 21:00:35,8.4054,48.4845,79.38,64,33,13.78
360,Liberty,US,2022-04-22 21:00:35,31.8335,-81.5004,80.85,52,0,1.01
361,Whyalla,AU,2022-04-22 21:00:36,-33.0333,137.5833,58.33,58,69,9.64
362,Kabanjahe,ID,2022-04-22 20:58:43,3.1001,98.4908,64.8,97,100,1.1
363,Camopi,GF,2022-04-22 21:00:36,3.1655,-52.3158,71.83,98,100,0.98
364,Flin Flon,CA,2022-04-22 21:00:37,54.7682,-101.865,42.53,61,84,7.58
365,Mount Gambier,AU,2022-04-22 21:00:37,-37.8333,140.7667,47.39,83,0,6.62
366,Elk Grove,US,2022-04-22 20:56:57,38.4088,-121.3716,67.98,48,20,6.91
367,Pirai,BR,2022-04-22 21:00:38,-22.6292,-43.8981,70.32,85,3,0.94
368,Yerofey Pavlovich,RU,2022-04-22 21:01:38,53.9667,121.9667,21.33,88,5,3.44
369,Rock Springs,US,2022-04-22 21:00:06,41.5875,-109.2029,42.24,81,100,23.02
370,Pudozh,RU,2022-04-22 21:01:39,61.8099,36.5345,35.62,93,99,6.82
371,Sola,VU,2022-04-22 21:01:39,-13.8833,167.55,81.54,74,100,8.99
372,Peniche,PT,2022-04-22 21:01:39,39.3558,-9.3811,50.94,89,100,18.19
373,Salalah,OM,2022-04-22 21:01:40,17.0151,54.0924,80.35,79,26,5.35
374,Havoysund,NO,2022-04-22 21:01:40,70.9963,24.6622,35.83,77,100,15.97
375,Shakiso,ET,2022-04-22 21:01:40,5.75,38.9167,59.76,97,99,3.53
376,Waipawa,NZ,2022-04-22 21:01:40,-41.4122,175.5153,50.9,75,18,6.67
377,Odder,DK,2022-04-22 20:57:54,55.9731,10.153,51.78,69,12,9.22
378,Mayor Pablo Lagerenza,PY,2022-04-22 21:01:41,-19.9309,-60.7718,95.97,31,3,12.71
379,Tabuk,PH,2022-04-22 21:01:41,17.4189,121.4443,72.45,93,7,4.21
380,Nemuro,JP,2022-04-22 20:58:19,43.3236,145.575,43.18,92,74,21.5
381,Omboue,GA,2022-04-22 21:01:42,-1.5746,9.2618,78.42,88,100,4.36
382,Farmington,US,2022-04-22 20:58:37,36.7281,-108.2187,68.68,25,100,29.93
383,Waingapu,ID,2022-04-22 21:01:42,-9.6567,120.2641,79.0,84,93,8.34
384,Gusev,RU,2022-04-22 21:01:42,54.5922,22.1997,42.76,82,14,6.46
385,College,US,2022-04-22 21:01:43,64.8569,-147.8028,46.8,35,100,4.68
386,Sartell,US,2022-04-22 21:01:43,45.6216,-94.2069,48.18,89,100,12.66
387,San Juan,AR,2022-04-22 20:57:16,-31.5375,-68.5364,70.11,36,4,13.27
388,Mantua,IT,2022-04-22 21:01:44,45.1667,10.7833,54.64,89,94,1.01
389,Indaial,BR,2022-04-22 21:01:44,-26.8978,-49.2317,72.61,88,100,3.98
390,Harbour Breton,CA,2022-04-22 21:01:44,47.4833,-55.7983,38.82,79,100,12.93
391,Lazaro Cardenas,MX,2022-04-22 21:01:45,17.9583,-102.2,85.28,52,0,12.64
392,Avallon,FR,2022-04-22 20:57:56,47.4833,3.9,50.04,90,98,4.92
393,Craig,US,2022-04-22 21:01:45,40.5153,-107.5464,64.02,26,75,35.68
394,Kodinsk,RU,2022-04-22 21:01:46,58.6881,99.1844,28.99,96,100,2.82
395,Vrede,ZA,2022-04-22 21:01:46,-27.4257,29.1659,59.05,65,98,1.21
396,Kieta,PG,2022-04-22 21:01:46,-6.2167,155.6333,79.0,87,100,3.36
397,Jishou,CN,2022-04-22 21:01:47,28.3167,109.7167,68.23,94,96,0.76
398,Tessalit,ML,2022-04-22 21:01:47,20.1986,1.0114,83.89,7,100,8.34
399,De-Kastri,RU,2022-04-22 21:01:47,51.4667,140.7833,30.02,96,100,8.81
400,Avera,US,2022-04-22 21:01:48,33.194,-82.5271,84.54,48,5,4.68
401,Bilma,NE,2022-04-22 21:01:48,18.6853,12.9164,90.75,11,4,6.69
402,Pidhaytsi,UA,2022-04-22 21:01:48,49.2685,25.1334,43.57,92,100,9.69
403,Mahanoro,MG,2022-04-22 21:01:49,-19.9,48.8,73.74,93,100,3.09
404,Walvis Bay,NA,2022-04-22 21:01:49,-22.9575,14.5053,60.1,77,0,11.88
405,Ponta Delgada,PT,2022-04-22 21:01:49,37.7333,-25.6667,57.92,58,75,4.61
406,Cambara,BR,2022-04-22 21:01:50,-23.0464,-50.0736,72.91,68,0,0.49
407,Ambilobe,MG,2022-04-22 21:01:50,-13.2,49.05,73.22,92,86,4.0
408,Fallon,US,2022-04-22 21:01:50,39.4735,-118.7774,53.46,34,100,16.67
409,Evensk,RU,2022-04-22 20:57:25,61.95,159.2333,21.36,82,100,5.46
410,Baturaja,ID,2022-04-22 21:01:51,-4.1333,104.1667,72.82,99,97,3.8
411,Usinsk,RU,2022-04-22 21:01:51,65.9939,57.5281,7.74,93,8,9.6
412,Sylvan Lake,CA,2022-04-22 21:01:52,52.3168,-114.0853,40.35,78,100,3.44
413,Shujalpur,IN,2022-04-22 21:01:52,23.4,76.7167,86.29,16,24,6.22
414,Monteagudo,BO,2022-04-22 21:01:52,-19.8167,-63.9833,85.15,43,19,4.81
415,Bridlington,GB,2022-04-22 21:01:53,54.0831,-0.1919,46.89,87,0,18.61
416,Zaltan,LY,2022-04-22 21:02:53,32.947,11.8665,64.04,57,0,8.9
417,High Level,CA,2022-04-22 21:02:53,58.5169,-117.136,43.92,70,100,0.22
418,Malibu,US,2022-04-22 21:00:43,34.005,-118.8101,71.11,75,31,10.0
419,Yegorlykskaya,RU,2022-04-22 21:02:54,46.5656,40.6562,43.83,90,5,7.47
420,Gari,RU,2022-04-22 21:02:54,59.4307,62.3497,22.08,86,59,2.91
421,Vila Franca Do Campo,PT,2022-04-22 21:02:55,37.7167,-25.4333,57.61,69,87,8.5
422,New London,US,2022-04-22 21:02:55,41.4834,-72.0662,66.15,30,0,17.27
423,Lodingen,NO,2022-04-22 21:02:55,68.414,15.9951,37.54,88,100,6.82
424,Laguna,US,2022-04-22 21:02:56,38.421,-121.4238,68.09,47,75,6.91
425,Kenai,US,2022-04-22 21:02:56,60.5544,-151.2583,47.03,63,100,16.08
426,Nanortalik,GL,2022-04-22 21:02:56,60.1432,-45.2371,35.31,99,100,3.71
427,Beringovskiy,RU,2022-04-22 21:02:57,63.05,179.3167,25.5,91,100,3.56
428,Arawa,PG,2022-04-22 21:02:57,-6.2132,155.5367,78.69,90,100,2.93
429,Srednekolymsk,RU,2022-04-22 21:02:57,67.45,153.6833,16.14,93,99,6.31
430,Walcourt,BE,2022-04-22 21:02:58,50.2539,4.4352,56.53,74,87,8.05
431,Penzance,GB,2022-04-22 21:02:58,50.1186,-5.5371,52.3,83,100,18.14
432,Sal Rei,CV,2022-04-22 21:02:58,16.1833,-22.9167,70.63,81,0,18.43
433,Manjacaze,MZ,2022-04-22 21:03:00,-24.7117,33.8828,66.94,89,100,4.21
434,Whitehorse,CA,2022-04-22 21:00:07,60.7161,-135.0538,44.02,35,21,11.99
435,Guerrero Negro,MX,2022-04-22 20:58:20,27.9769,-114.0611,68.16,58,41,24.7
436,Svetlogorsk,BY,2022-04-22 21:03:00,52.6333,29.7333,44.1,95,100,9.57
437,Guatire,VE,2022-04-22 21:03:01,10.4762,-66.5427,80.2,83,79,3.42
438,Rapar,IN,2022-04-22 21:03:01,23.5667,70.6333,80.22,57,16,10.6
439,Surt,LY,2022-04-22 21:03:01,31.2089,16.5887,64.08,73,0,10.54
440,Rodrigues Alves,BR,2022-04-22 21:03:02,-7.738,-72.6509,84.74,64,65,3.69
441,Bethanien,NA,2022-04-22 21:03:02,-26.502,17.1583,71.89,36,65,5.08
442,Pout,SN,2022-04-22 21:03:02,14.7739,-17.0603,74.16,60,0,23.02
443,Tirau,NZ,2022-04-22 21:03:03,-37.9833,175.75,57.72,65,1,4.74
444,Kibungo,RW,2022-04-22 21:03:03,-2.1597,30.5427,68.92,95,88,0.6
445,Mandello Del Lario,IT,2022-04-22 21:03:03,45.9192,9.3193,57.94,77,100,1.19
446,Verkhnyaya Inta,RU,2022-04-22 21:03:04,65.9811,60.3094,4.08,95,35,6.49
447,Sorland,NO,2022-04-22 21:03:04,67.667,12.6934,41.38,78,96,17.96
448,Malanje,AO,2022-04-22 21:03:04,-9.5402,16.341,64.24,88,71,0.63
449,Naze,JP,2022-04-22 21:03:05,28.3667,129.4833,72.52,93,100,10.18
450,Padang,ID,2022-04-22 21:00:29,-0.9492,100.3543,78.75,84,100,2.98
451,Bucerias,MX,2022-04-22 21:00:57,20.75,-105.3333,84.33,55,6,9.66
452,Kemise,ET,2022-04-22 21:03:06,10.7167,39.8667,70.38,51,97,1.07
453,Sinop,TR,2022-04-22 21:03:06,41.7711,34.8709,52.65,58,64,7.54
454,Merrill,US,2022-04-22 21:03:06,45.1805,-89.6835,47.17,70,100,16.11
455,Alice Springs,AU,2022-04-22 21:03:07,-23.7,133.8833,53.15,62,98,5.75
456,Bathsheba,BB,2022-04-22 21:03:07,13.2167,-59.5167,78.87,67,67,13.33
457,Chimbote,PE,2022-04-22 21:00:30,-9.0853,-78.5783,69.48,81,76,8.97
458,Gandia,ES,2022-04-22 21:03:07,38.9667,-0.1833,63.73,60,84,3.0
459,Teknaf,BD,2022-04-22 21:03:08,20.8624,92.3058,78.84,85,0,0.76
460,Komsomolskiy,UZ,2022-04-22 21:03:08,40.4272,71.7189,64.69,50,11,2.62
461,Coquimbo,CL,2022-04-22 21:01:35,-29.9533,-71.3436,65.88,61,0,7.58
462,Lithakia,GR,2022-04-22 21:03:09,37.7167,20.8333,52.97,91,1,16.28
463,Zhuanghe,CN,2022-04-22 21:03:09,39.7008,122.9911,49.55,35,11,3.02
464,Ranong,TH,2022-04-22 21:04:09,9.9658,98.6348,78.78,88,99,3.31
465,Germersheim,DE,2022-04-22 21:04:10,49.2231,8.3639,58.98,44,99,1.99
466,Shache,CN,2022-04-22 21:04:10,38.4167,77.2406,65.39,39,100,18.34
467,Kiunga,PG,2022-04-22 21:04:10,-6.1219,141.2906,72.79,100,97,2.06
468,Ilinskoye-Khovanskoye,RU,2022-04-22 21:04:11,56.9718,39.7684,45.91,80,50,4.99
469,Kirkuk,IQ,2022-04-22 21:00:24,35.4681,44.3922,66.09,26,3,3.85
470,Saint Marys,US,2022-04-22 21:04:11,30.7305,-81.5465,77.29,71,0,12.66
471,Develi,TR,2022-04-22 21:04:12,38.3906,35.4922,45.75,49,0,1.83
472,Bandarban,BD,2022-04-22 21:02:07,22.1965,92.2262,75.0,92,0,2.71
473,Mitu,CO,2022-04-22 21:04:12,1.1983,-70.1733,82.51,66,86,2.68
474,Gwanda,ZW,2022-04-22 21:04:13,-20.9333,29.0,62.58,91,25,4.07
475,Shingu,JP,2022-04-22 21:04:13,33.7333,135.9833,59.97,78,100,5.84
476,Amos,CA,2022-04-22 21:04:13,48.5669,-78.1162,43.18,60,19,7.74
477,Westport,US,2022-04-22 21:00:19,41.1415,-73.3579,70.09,29,1,8.01
478,Yeppoon,AU,2022-04-22 21:04:14,-23.1333,150.7333,67.78,71,80,21.79
479,Chulman,RU,2022-04-22 21:04:14,56.8479,124.9104,-1.39,98,98,1.57
480,Dryden,CA,2022-04-22 21:00:14,49.7833,-92.7503,35.91,99,100,10.92
481,Puerto Penasco,MX,2022-04-22 21:04:15,31.3167,-113.5333,73.9,48,36,7.0
482,Corrente,BR,2022-04-22 21:04:15,-3.7367,-43.3394,75.58,92,100,2.98
483,Sinnamary,GF,2022-04-22 21:04:15,5.3833,-52.95,75.2,93,100,4.59
484,Tautira,PF,2022-04-22 21:04:16,-17.7333,-149.15,79.5,75,76,17.58
485,Buchanan,LR,2022-04-22 21:04:16,5.8808,-10.0467,79.77,81,99,6.44
486,Port Hedland,AU,2022-04-22 21:04:16,-20.3167,118.5667,73.45,38,97,0.0
487,Cap Malheureux,MU,2022-04-22 21:01:37,-19.9842,57.6142,76.46,73,82,8.01
488,Ambanja,MG,2022-04-22 21:04:17,-13.6833,48.45,74.23,94,100,3.2
489,Alto Piquiri,BR,2022-04-22 21:04:17,-24.0281,-53.4406,74.32,73,5,5.37
490,Christchurch,NZ,2022-04-22 21:01:39,-43.5333,172.6333,53.01,86,52,1.14
491,Buluang,PH,2022-04-22 21:04:18,13.3068,123.3425,74.66,94,89,3.0
492,Say,NE,2022-04-22 21:04:18,13.1007,2.3689,94.57,9,35,7.05
493,Jacareacanga,BR,2022-04-22 21:04:19,-6.2222,-57.7528,78.8,95,100,1.86
494,Itoman,JP,2022-04-22 21:04:19,26.1247,127.6694,75.58,94,75,11.5
495,Bud,US,2022-04-22 21:04:19,39.447,-86.1758,78.82,61,80,11.36
496,Zhezkazgan,KZ,2022-04-22 21:04:20,47.8043,67.7144,51.46,64,40,8.14
497,Southbury,US,2022-04-22 21:04:20,41.4815,-73.2132,65.19,37,0,16.11
498,Karaman,TR,2022-04-22 21:04:20,37.0833,33.25,55.36,40,0,3.42
499,Canutama,BR,2022-04-22 21:04:21,-6.5339,-64.3831,79.14,86,100,3.0
500,Akdepe,TM,2022-04-22 21:04:21,42.0551,59.3788,73.22,44,100,5.95
501,Gurupa,BR,2022-04-22 21:04:21,-1.405,-51.64,71.67,99,100,1.83
502,Homer,US,2022-04-22 21:04:22,59.6425,-151.5483,44.49,72,100,14.0
503,Igarka,RU,2022-04-22 21:04:22,67.4667,86.5833,12.92,96,99,8.21
504,Sooke,CA,2022-04-22 21:00:15,48.3746,-123.7276,56.3,67,38,7.09
505,Narrabri,AU,2022-04-22 21:04:23,-30.3167,149.7833,59.52,78,97,5.01
506,Adrar,MR,2022-04-22 21:04:23,20.5022,-10.0711,78.08,15,67,11.68
507,Sai Buri,TH,2022-04-22 21:04:23,6.7013,101.6168,78.82,86,56,6.98
508,Kargasok,RU,2022-04-22 21:04:24,59.0556,80.8572,16.14,81,100,14.2
509,Xining,CN,2022-04-22 21:00:12,36.6167,101.7667,47.21,60,76,2.19
510,Morondava,MG,2022-04-22 21:04:24,-20.2833,44.2833,75.04,87,97,9.08
511,Hovd,MN,2022-04-22 21:05:24,48.0056,91.6419,42.91,34,17,2.66
512,Pathein,MM,2022-04-22 21:05:25,16.7833,94.7333,78.3,77,45,7.27
513,Riberalta,BO,2022-04-22 21:05:25,-10.9833,-66.1,84.25,67,97,3.31
514,Boa Vista,BR,2022-04-22 21:05:26,2.8197,-60.6733,85.98,62,40,8.05
515,Nuuk,GL,2022-04-22 21:05:26,64.1835,-51.7216,34.41,93,75,5.75
516,Deputatskiy,RU,2022-04-22 21:02:09,69.3,139.9,1.42,98,97,2.62
517,Vanimo,PG,2022-04-22 21:05:26,-2.6741,141.3028,77.2,91,100,3.6
518,Nouadhibou,MR,2022-04-22 21:05:27,20.931,-17.0347,64.38,78,0,20.74
519,Viesite,LV,2022-04-22 21:05:27,56.3475,25.5551,48.36,63,81,4.16
520,Awbari,LY,2022-04-22 21:05:27,26.5921,12.7805,77.5,15,1,11.5
521,Numan,NG,2022-04-22 21:05:28,9.4667,12.0333,94.28,33,79,3.18
522,Okha,RU,2022-04-22 21:03:26,53.5739,142.9478,29.17,97,100,15.48
523,Pacific Grove,US,2022-04-22 21:05:28,36.6177,-121.9166,62.28,70,40,9.22
524,Riyadh,SA,2022-04-22 21:05:29,24.6877,46.7219,77.14,13,70,5.61
525,Tikhvin,RU,2022-04-22 21:05:29,59.6451,33.5294,44.17,90,97,3.44
526,Gurlan,UZ,2022-04-22 21:05:29,41.8447,60.3919,71.67,37,100,4.72
527,Sheffield,GB,2022-04-22 21:05:30,53.383,-1.4659,49.14,83,42,8.01
528,Chumikan,RU,2022-04-22 21:05:30,54.7183,135.315,21.92,95,100,2.42
529,Luquillo,PR,2022-04-22 21:05:31,18.3725,-65.7166,81.81,75,67,12.12
530,Tsaratanana,MG,2022-04-22 21:05:31,-16.7833,47.65,74.08,81,100,8.66
531,Satipo,PE,2022-04-22 21:05:31,-11.2522,-74.6386,88.32,49,84,1.23
532,Lagunas,PE,2022-04-22 21:05:32,-5.2269,-75.6753,85.48,64,90,2.1
533,Coxim,BR,2022-04-22 21:03:43,-18.5067,-54.76,86.65,41,100,8.23
534,Nakhon Phanom,TH,2022-04-22 21:05:32,17.3333,104.4167,75.25,85,59,4.52
535,Bac Lieu,VN,2022-04-22 21:05:32,9.285,105.7244,82.11,78,38,8.48
536,Los Llanos De Aridane,ES,2022-04-22 21:05:33,28.6585,-17.9182,60.55,75,0,3.44
537,Marawi,PH,2022-04-22 21:05:33,7.9986,124.2928,67.6,93,51,2.24
538,Poum,NC,2022-04-22 21:02:17,-20.2333,164.0167,76.03,72,59,9.6
539,Sebastian,US,2022-04-22 21:05:34,35.1668,-94.2669,83.08,52,0,11.27
540,Inhambane,MZ,2022-04-22 21:05:34,-23.865,35.3833,72.54,76,100,3.24
541,Uni,RU,2022-04-22 21:05:35,57.7535,51.4923,31.53,83,69,2.55
542,Lindi,TZ,2022-04-22 21:05:35,-10.0,39.7167,74.19,95,97,1.74
543,Batagay,RU,2022-04-22 21:05:36,67.6333,134.6333,13.26,96,99,2.86
544,Janakpur,NP,2022-04-22 21:03:01,26.7183,85.9065,80.73,60,0,8.21
545,Diphu,IN,2022-04-22 21:05:36,25.8333,93.4333,69.3,97,10,0.81
546,Ino,JP,2022-04-22 21:05:36,33.55,133.4333,59.52,63,100,3.87
547,Paita,PE,2022-04-22 21:05:37,-5.0892,-81.1144,73.44,74,18,16.31
548,Portland,US,2022-04-22 21:00:46,45.5234,-122.6762,62.53,58,51,5.01
